{
    "$schema": "https://schema.management.azure.com/schemas/2015-01-01/deploymentParameters.json#",
    "contentVersion": "1.0.0.0",
    "parameters": {
        "servers_chaosmonkeys_name": {
            "value": null
        },
        "namespaces_chaosMonkeys_name": {
            "value": null
        },
        "virtualMachines_chaospython_name": {
            "value": null
        },
        "networkInterfaces_chaospython480_name": {
            "value": null
        },
        "publicIPAddresses_chaospython_ip_name": {
            "value": null
        },
        "databases_master_name": {
            "value": null
        },
        "networkInterfaces_nifi_hackathon767_name": {
            "value": null
        },
        "publicIPAddresses_nifi_hackathon_ip_name": {
            "value": null
        },
        "virtualNetworks_RG_CMHackathon_vnet_name": {
            "value": null
        },
        "firewallRules_Open_name": {
            "value": null
        },
        "storageAccounts_rgcmhackathondiag308_name": {
            "value": null
        },
        "keys_ServiceManaged_name": {
            "value": null
        },
        "networkSecurityGroups_chaospython_nsg_name": {
            "value": null
        },
        "virtualNetworks_RG_CMHackathonvnet868_name": {
            "value": null
        },
        "networkSecurityGroups_nifi_hackathon_nsg_name": {
            "value": null
        },
        "eventhubs_alerts_name": {
            "value": null
        },
        "auditingPolicies_Default_name": {
            "value": null
        },
        "eventhubs_fracjob_name": {
            "value": null
        },
        "eventhubs_wellflow_name": {
            "value": null
        },
        "eventhubs_tanklevel_name": {
            "value": null
        },
        "encryptionProtector_current_name": {
            "value": null
        },
        "databases_CompletionsProblem_name": {
            "value": null
        },
        "eventhubs_pbnifitest1_name": {
            "value": null
        },
        "AuthorizationRules_nifix_name": {
            "value": null
        },
        "subnets_default_name": {
            "value": null
        },
        "subnets_default_name_1": {
            "value": null
        },
        "firewallRules_AllowAllWindowsAzureIps_name": {
            "value": null
        },
        "disks_nifi_hackathon_OsDisk_1_72afcb458e4446f8a9dd8f7a7bfed532_name": {
            "value": null
        },
        "backupLongTermRetentionVaults_RegisteredVault_name": {
            "value": null
        },
        "securityRules_Port_8080_name": {
            "value": null
        },
        "advisors_DropIndex_name": {
            "value": null
        },
        "consumergroups_$Default_name": {
            "value": null
        },
        "consumergroups_$Default_name_1": {
            "value": null
        },
        "advisors_CreateIndex_name": {
            "value": null
        },
        "advisors_SchemaIssue_name": {
            "value": null
        },
        "consumergroups_$Default_name_2": {
            "value": null
        },
        "consumergroups_$Default_name_3": {
            "value": null
        },
        "AuthorizationRules_RootManageSharedAccessKey_name": {
            "value": null
        },
        "securityRules_default_allow_ssh_name": {
            "value": null
        },
        "authorizationRules_nifi_name": {
            "value": null
        },
        "consumergroups_$Default_name_4": {
            "value": null
        },
        "auditingPolicies_Default_name_1": {
            "value": null
        },
        "geoBackupPolicies_Default_name": {
            "value": null
        },
        "securityRules_default_allow_ssh_name_1": {
            "value": null
        },
        "advisors_ForceLastGoodPlan_name": {
            "value": null
        },
        "advisors_DbParameterization_name": {
            "value": null
        },
        "transparentDataEncryption_current_name": {
            "value": null
        },
        "backupLongTermRetentionPolicies_Default_name": {
            "value": null
        },
        "virtualMachines_chaospython_id": {
            "value": null
        }
    }
}